dataset,variant,final_accuracy,final_precision,final_recall,final_f1,final_auc,phase1_accuracy,phase1_precision,phase1_recall,phase1_f1,phase1_auc,training_time_s
xor_1d,staged_FullIsing,0.85,0.8181818181818182,0.9,0.8571428571428571,0.9475,0.5,0.5,1.0,0.6666666666666666,0.8799999999999999,118.59899790002964
xor_1d,baseline_FullIsing,0.925,0.8695652173913043,1.0,0.9302325581395349,0.9924999999999999,0.825,0.8421052631578947,0.8,0.8205128205128205,0.9574999999999999,135.23175689997151
xor_1d,staged_Net1L,1.0,1.0,1.0,1.0,1.0,0.5,0.5,1.0,0.6666666666666666,0.8450000000000001,601.0819706000038
xor_1d,baseline_Net1L,1.0,1.0,1.0,1.0,1.0,0.975,0.9523809523809523,1.0,0.975609756097561,1.0,589.6938333999715
