num_nodi,x1F,x2F,x3F,x4F,10,20,30,40,50
2,0.5,0.5,0.4953125,0.50625,0.5,0.5,0.5,0.5,0.5
3,0.5,0.4890625,0.5,0.4875,0.4609375,0.5,0.5,0.5015625,0.5
5,0.5,0.5,0.5,0.5,0.53125,0.5,0.4828125,0.5,0.5
8,0.496875,0.5,0.503125,0.5,0.4875,0.5,0.5,0.5,0.5
10,0.5,0.4984375,0.5,0.5,0.5,0.5,0.5,0.5,0.4984375
15,0.5,0.5,0.5,0.5,0.528125,0.5,0.5,0.5,0.5
