num_nodi,x1F,x2F,x3F,x4F,10,20,30,40,50
2,0.5,0.5,0.5,0.5,0.5,0.5,0.5,0.5,0.5
3,0.49921875,0.5203125,0.5,0.5,0.5,0.5,0.5,0.5,0.5
5,0.48359375,0.5,0.5,0.5,0.5,0.5,0.5,0.5,0.5
8,0.5,0.5,0.5,0.5,0.5,0.4984375,0.5,0.5,0.5
10,0.5,0.5,0.5,0.5,0.5,0.5,0.5078125,0.5,0.5
15,0.5015625,0.5,0.5,0.5,0.4890625,0.503125,0.5,0.5,0.49921875
