num_nodi,x1F,x2F,x3F,x4F,10,20,30,40,50
2,0.5,0.4875,0.5,0.5,0.5,0.5,0.5,0.5,0.509375
3,0.5,0.4625,0.528125,0.49375,0.5,0.5,0.5,0.5,0.5
5,0.5,0.5,0.5,0.5,0.5,0.484375,0.5,0.5,0.5
8,0.5,0.5,0.5,0.496875,0.5,0.5,0.5,0.5,0.49375
10,0.496875,0.5,0.5,0.50625,0.5,0.5,0.5,0.5,0.5
15,0.5,0.5,0.5,0.5,0.515625,0.5,0.5,0.5,0.5
